"county";"party";"density"
Autauga;Republican;91.8
Baldwin;Republican;114.6
Barbour;Democrat;31.0
Bibb;Republican;36.8
Blount;Republican;88.9
Bullock;Democrat;17.5
Butler;Democrat;27.0
Calhoun;Republican;195.7
Chambers;Democrat;57.4
Cherokee;Republican;46.9
Chilton;Republican;63.0
Choctaw;Democrat;15.2
Clarke;Democrat;20.9
Clay;Republican;23.1
Cleburne;Republican;26.7
Coffee;Republican;73.6
Colbert;Democrat;91.8
Conecuh;Democrat;15.6
Coosa;Republican;17.7
Covington;Republican;36.6
Crenshaw;Republican;22.8
Cullman;Republican;109.4
Dale;Republican;89.6
Dallas;Democrat;44.8
DeKalb;Republican;91.5
Elmore;Republican;128.2
Escambia;Republican;40.5
Etowah;Republican;195.2
Fayette;Republican;27.5
Franklin;Republican;50.0
Geneva;Republican;46.6
Greene;Democrat;14.0
Hale;Democrat;24.5
Henry;Republican;30.8
Houston;Republican;175.1
Jackson;Republican;49.4
Jefferson;Democrat;592.5
Lamar;Republican;24.1
Lauderdale;Republican;138.8
Lawrence;Republican;49.7
Lee;Democrat;230.8
Limestone;Republican;147.8
Lowndes;Democrat;15.8
Macon;Democrat;35.2
Madison;Republican;417.7
Marengo;Democrat;21.5
Marion;Republican;41.5
Marshall;Republican;164.4
Mobile;Democrat;335.9
Monroe;Democrat;22.5
Montgomery;Democrat;292.5
Morgan;Republican;206.3
Perry;Democrat;14.7
Pickens;Democrat;22.4
Pike;Republican;48.9
Randolph;Republican;39.5
Russell;Democrat;82.6
St. Clair;Republican;132.3
Shelby;Republican;248.5
Sumter;Democrat;15.2
Talladega;Republican;111.7
Tallapoosa;Republican;58.1
Tuscaloosa;Democrat;147.3
Walker;Republican;84.7
Washington;Democrat;16.3
Wilcox;Democrat;13.1
Winston;Republican;39.9
Apache;Democrat;6.4
Cochise;Republican;21.3
Coconino;Democrat;7.2
Gila;Republican;11.3
Graham;Republican;8.1
Greenlee;Democrat;4.6
La Paz;Republican;4.6
Maricopa;Republican;414.9
Mohave;Republican;15.0
Navajo;Democrat;10.8
Pima;Democrat;106.7
Pinal;Republican;70.0
Santa Cruz;Democrat;38.3
Yavapai;Republican;26.0
Yuma;Republican;35.5
Arkansas;Republican;19.2
Ashley;Democrat;23.6
Baxter;Republican;74.9
Benton;Republican;261.2
Boone;Republican;62.5
Bradley;Republican;17.7
Calhoun;Democrat;8.5
Carroll;Republican;43.6
Carroll;Republican;43.6
Carroll;Republican;43.6
Carroll;Republican;43.6
Carroll;Democrat;43.6
Carroll;Democrat;43.6
Carroll;Republican;43.6
Chicot;Democrat;18.3
Clark;Democrat;26.6
Clay;Democrat;25.2
Cleburne;Republican;46.9
Cleveland;Republican;14.5
Columbia;Republican;32.1
Conway;Democrat;38.5
Craighead;Republican;136.4
Crawford;Republican;104.4
Crittenden;Democrat;83.5
Cross;Republican;29.0
Dallas;Democrat;12.2
Desha;Democrat;16.9
Drew;Democrat;22.3
Faulkner;Republican;174.8
Franklin;Republican;29.8
Fulton;Democrat;19.8
Garland;Republican;141.7
Grant;Republican;28.3
Greene;Republican;72.9
Hempstead;Republican;31.1
Hot Spring;Republican;53.5
Howard;Republican;23.4
Independence;Republican;48.0
Izard;Republican;23.6
Jackson;Republican;28.4
Jefferson;Democrat;88.9
Johnson;Republican;38.7
Lafayette;Democrat;14.5
Lawrence;Democrat;29.6
Lee;Democrat;17.3
Lincoln;Democrat;25.2
Little River;Democrat;24.7
Logan;Republican;31.6
Lonoke;Republican;88.7
Madison;Democrat;18.8
Marion;Republican;27.9
Miller;Republican;69.5
Mississippi;Democrat;51.6
Monroe;Democrat;13.4
Montgomery;Republican;12.2
Nevada;Democrat;14.6
Newton;Republican;10.1
Ouachita;Democrat;35.6
Perry;Democrat;18.9
Phillips;Democrat;31.3
Pike;Republican;18.8
Poinsett;Republican;32.4
Polk;Republican;24.1
Pope;Republican;76.0
Prairie;Democrat;13.4
Pulaski;Democrat;503.8
Randolph;Republican;27.6
Saint Francis;Democrat;44.5
Saline;Republican;148.0
Scott;Republican;12.6
Searcy;Republican;12.3
Sebastian;Republican;236.4
Sevier;Republican;30.2
Sharp;Republican;28.6
Stone;Republican;20.4
Union;Democrat;40.1
Van Buren;Republican;24.4
Washington;Democrat;215.6
White;Republican;74.5
Woodruff;Democrat;12.4
Yell;Republican;23.9
Alameda;Democrat;2043.6
Alpine;Democrat;1.6
Amador;Republican;64.1
Butte;Republican;134.4
Calaveras;Republican;44.7
Colusa;Republican;18.6
Contra Costa;Democrat;1465.2
Del Norte;Republican;28.4
El Dorado;Republican;106.0
Fresno;Republican;156.2
Glenn;Republican;21.4
Humboldt;Democrat;37.7
Imperial;Democrat;41.8
Inyo;Republican;1.8
Kern;Republican;103.3
Kings;Republican;110.1
Lake;Democrat;51.5
Lassen;Republican;7.7
Los Angeles;Democrat;2419.6
Madera;Republican;70.6
Marin;Democrat;485.1
Mariposa;Republican;12.6
Mendocino;Democrat;25.1
Merced;Democrat;132.2
Modoc;Republican;2.5
Mono;Democrat;4.7
Monterey;Democrat;126.5
Napa;Democrat;182.4
Nevada;Democrat;103.1
Orange;Republican;3807.7
Placer;Republican;247.6
Plumas;Republican;7.8
Riverside;Republican;303.8
Sacramento;Democrat;1470.8
San Benito;Democrat;39.8
San Bernardino;Democrat;101.5
San Diego;Democrat;735.8
San Francisco;Democrat;17179.1
San Joaquin;Democrat;492.6
San Luis Obispo;Republican;81.7
San Mateo;Democrat;1602.2
Santa Barbara;Democrat;155.0
Santa Clara;Democrat;1381.0
Santa Cruz;Democrat;589.4
Shasta;Republican;46.9
Sierra;Republican;3.4
Siskiyou;Republican;7.2
Solano;Democrat;503.0
Sonoma;Democrat;307.1
Stanislaus;Republican;344.2
Sutter;Republican;157.3
Tehama;Republican;21.5
Trinity;Republican;4.3
Tulare;Republican;91.7
Tuolumne;Republican;24.9
Ventura;Democrat;446.7
Yolo;Democrat;197.9
Yuba;Republican;114.2
Adams;Democrat;378.2
Alamosa;Democrat;21.4
Arapahoe;Democrat;716.7
Archuleta;Democrat;8.9
Baca;Democrat;1.5
Bent;Democrat;4.3
Boulder;Democrat;405.6
Broomfield;Democrat;1691.9
Chaffee;Democrat;17.6
Cheyenne;Democrat;1.0
Clear Creek;Democrat;23.0
Conejos;Democrat;6.4
Costilla;Democrat;2.9
Crowley;Democrat;7.4
Custer;Democrat;5.8
Delta;Democrat;27.1
Denver;Democrat;3922.6
Dolores;Democrat;1.9
Douglas;Democrat;339.7
Eagle;Democrat;31.0
Elbert;Democrat;12.5
El Paso;Democrat;292.6
Fremont;Democrat;30.5
Garfield;Democrat;19.1
Gilpin;Democrat;36.3
Grand;Democrat;8.0
Gunnison;Democrat;4.7
Hinsdale;Democrat;0.8
Huerfano;Democrat;4.2
Jackson;Democrat;0.9
Jefferson;Democrat;699.5
Kiowa;Democrat;0.8
Kit Carson;Democrat;3.8
Lake;Democrat;19.4
La Plata;Democrat;30.3
Larimer;Democrat;115.4
Las Animas;Democrat;3.2
Lincoln;Democrat;2.1
Logan;Democrat;12.4
Mesa;Democrat;44.1
Mineral;Democrat;0.8
Moffat;Democrat;2.9
Montezuma;Democrat;12.6
Montrose;Democrat;18.4
Morgan;Democrat;22.0
Otero;Democrat;14.9
Ouray;Democrat;8.2
Park;Democrat;7.4
Phillips;Democrat;6.5
Pitkin;Democrat;17.7
Prowers;Democrat;7.7
Pueblo;Democrat;66.7
Rio Blanco;Democrat;2.1
Rio Grande;Democrat;13.1
Routt;Democrat;10.0
Saguache;Democrat;1.9
San Juan;Democrat;1.8
San Miguel;Democrat;5.7
Sedgwick;Democrat;4.3
Summit;Democrat;46.0
Teller;Democrat;41.9
Washington;Democrat;1.9
Weld;Democrat;63.4
Yuma;Democrat;4.2
Kent;Republican;276.9
New Castle;Democrat;1263.2
Sussex;Republican;210.6
Alachua;Democrat;282.7
Baker;Republican;46.3
Bay;Republican;222.6
Bradford;Republican;97.0
Brevard;Republican;535.0
Broward;Democrat;1444.9
Calhoun;Democrat;25.8
Charlotte;Republican;235.2
Citrus;Republican;242.8
Clay;Republican;315.8
Collier;Republican;160.9
Columbia;Republican;84.7
DeSoto;Republican;54.7
Dixie;Republican;23.3
Duval;Democrat;1133.9
Escambia;Republican;453.4
Flagler;Republican;197.1
Franklin;Democrat;21.6
Gadsden;Democrat;89.8
Gilchrist;Republican;48.4
Glades;Republican;16.0
Gulf;Republican;28.1
Hamilton;Democrat;28.8
Hardee;Republican;43.5
Hendry;Republican;34.0
Hernando;Republican;365.6
Highlands;Republican;97.2
Hillsborough;Democrat;1204.9
Holmes;Republican;41.6
Indian River;Republican;274.5
Jackson;Democrat;54.2
Jefferson;Democrat;24.7
Lafayette;Republican;16.3
Lake;Republican;316.6
Lee;Republican;788.7
Leon;Democrat;413.1
Levy;Republican;36.5
Liberty;Democrat;10.0
Madison;Democrat;27.6
Manatee;Republican;434.5
Marion;Republican;209.1
Martin;Republican;269.2
Miami-Dade;Democrat;1315.5
Monroe;Republican;74.3
Nassau;Republican;113.0
Okaloosa;Republican;194.4
Okeechobee;Republican;52.0
Orange;Democrat;1268.5
Osceola;Democrat;202.4
Palm Beach;Democrat;670.2
Pasco;Republican;622.2
Pinellas;Democrat;3347.5
Polk;Republican;334.9
Putnam;Republican;102.2
St. Johns;Republican;316.4
St. Lucie;Republican;485.7
Santa Rosa;Republican;149.6
Sarasota;Republican;682.6
Seminole;Republican;1367.0
Sumter;Republican;170.8
Suwannee;Republican;60.3
Taylor;Republican;21.6
Union;Republican;63.8
Volusia;Republican;449.2
Wakulla;Republican;50.8
Walton;Republican;53.0
Washington;Republican;42.7
Appling;Republican;36.0
Atkinson;Republican;24.7
Bacon;Republican;42.9
Baker;Democrat;10.1
Baldwin;Democrat;177.3
Banks;Republican;79.3
Barrow;Republican;432.7
Bartow;Republican;217.9
Ben Hill;Republican;70.5
Berrien;Republican;42.7
Bibb;Democrat;622.8
Bleckley;Republican;60.5
Brantley;Republican;41.6
Brooks;Republican;32.9
Bryan;Republican;69.3
Bulloch;Republican;104.4
Burke;Democrat;28.2
Butts;Republican;128.3
Calhoun;Democrat;23.9
Camden;Republican;82.4
Candler;Republican;45.3
Carroll;Republican;221.5
Catoosa;Republican;394.3
Charlton;Republican;15.7
Chatham;Democrat;621.7
Chattahoochee;Democrat;45.3
Chattooga;Republican;83.0
Cherokee;Republican;508.3
Clarke;Democrat;979.1
Clay;Democrat;16.3
Clayton;Democrat;1832.5
Clinch;Republican;8.5
Cobb;Democrat;2026.4
Coffee;Republican;73.7
Colquitt;Republican;83.6
Columbia;Republican;427.6
Cook;Republican;75.8
Coweta;Republican;288.8
Crawford;Republican;38.9
Crisp;Republican;86.0
Dade;Republican;95.6
Dawson;Republican;105.9
Decatur;Republican;46.6
DeKalb;Democrat;2585.7
Dodge;Republican;44.0
Dooly;Democrat;38.1
Dougherty;Democrat;287.7
Douglas;Democrat;661.8
Early;Republican;21.5
Echols;Republican;9.7
Effingham;Republican;109.4
Elbert;Republican;57.4
Emanuel;Republican;33.2
Evans;Republican;60.2
Fannin;Republican;61.2
Fayette;Republican;548.3
Floyd;Republican;188.9
Forsyth;Republican;783.5
Franklin;Republican;84.5
Fulton;Democrat;1748.0
Gilmer;Republican;66.3
Glascock;Republican;21.4
Glynn;Republican;189.7
Gordon;Republican;155.1
Grady;Republican;55.0
Greene;Republican;41.3
Gwinnett;Democrat;1871.2
Habersham;Republican;155.5
Hall;Republican;457.5
Hancock;Democrat;20.0
Haralson;Republican;102.0
Harris;Republican;69.0
Hart;Republican;108.5
Heard;Republican;40.0
Henry;Democrat;633.0
Houston;Republican;372.5
Irwin;Republican;26.9
Jackson;Republican;178.1
Jasper;Republican;37.8
Jeff Davis;Republican;45.6
Jefferson;Democrat;32.2
Jenkins;Republican;24.0
Johnson;Republican;32.9
Jones;Republican;72.8
Lamar;Republican;99.8
Lanier;Republican;54.4
Laurens;Republican;60.0
Lee;Republican;79.5
Liberty;Democrat;129.5
Lincoln;Republican;38.0
Long;Republican;36.1
Lowndes;Republican;220.2
Lumpkin;Republican;105.9
McDuffie;Republican;85.0
McIntosh;Republican;33.8
Macon;Democrat;36.8
Madison;Republican;99.6
Marion;Republican;23.9
Meriwether;Democrat;43.9
Miller;Republican;21.7
Mitchell;Democrat;45.9
Monroe;Republican;66.8
Montgomery;Republican;38.1
Morgan;Republican;51.4
Murray;Republican;115.0
Muscogee;Democrat;877.5
Newton;Democrat;367.3
Oconee;Republican;178.0
Oglethorpe;Republican;33.9
Paulding;Republican;455.8
Peach;Democrat;184.3
Pickens;Republican;126.8
Pierce;Republican;59.3
Pike;Republican;82.7
Polk;Republican;133.6
Pulaski;Republican;48.2
Putnam;Republican;61.6
Quitman;Democrat;16.6
Rabun;Republican;44.0
Randolph;Democrat;18.0
Richmond;Democrat;618.4
Rockdale;Democrat;656.5
Schley;Republican;30.0
Screven;Republican;22.6
Seminole;Republican;37.1
Spalding;Republican;326.1
Stephens;Republican;146.1
Stewart;Democrat;13.2
Sumter;Democrat;68.0
Talbot;Democrat;17.5
Taliaferro;Democrat;8.8
Tattnall;Republican;53.2
Taylor;Republican;23.6
Telfair;Republican;37.7
Terrell;Democrat;27.8
Thomas;Republican;82.1
Tift;Republican;154.9
Toombs;Republican;74.8
Towns;Republican;62.9
Treutlen;Republican;34.5
Troup;Republican;161.9
Turner;Republican;31.3
Twiggs;Democrat;25.2
Union;Republican;66.3
Upson;Republican;84.0
Walker;Republican;154.0
Walton;Republican;257.2
Ware;Republican;40.7
Warren;Democrat;20.5
Washington;Democrat;31.2
Wayne;Republican;46.9
Webster;Republican;13.4
Wheeler;Republican;25.1
White;Republican;112.8
Whitfield;Republican;353.2
Wilcox;Republican;24.5
Wilkes;Republican;22.6
Wilkinson;Democrat;21.4
Worth;Republican;38.0
Hawaii;Democrat;45.9
Honolulu;Democrat;1586.7
Kauai;Democrat;108.2
Maui;Democrat;133.3
Ada;Republican;372.8
Adams;Republican;2.9
Bannock;Republican;74.5
Bear Lake;Republican;6.1
Benewah;Republican;12.0
Bingham;Republican;21.8
Blaine;Republican;8.1
Boise;Republican;3.7
Bonner;Republican;23.6
Bonneville;Republican;55.9
Boundary;Republican;8.6
Butte;Republican;1.3
Camas;Republican;1.0
Canyon;Republican;321.6
Caribou;Republican;3.9
Cassia;Republican;8.9
Clark;Republican;0.6
Clearwater;Republican;3.6
Custer;Republican;0.9
Elmore;Republican;8.8
Franklin;Republican;19.3
Fremont;Republican;7.1
Gem;Republican;29.8
Gooding;Republican;21.2
Idaho County;Republican;1.9
Jefferson;Republican;23.9
Jerome;Republican;37.5
Kootenai;Republican;111.3
Latah;Republican;34.6
Lemhi;Republican;1.7
Lewis;Republican;8.0
Lincoln;Republican;4.3
Madison;Republican;80.0
Minidoka;Republican;26.5
Nez Perce;Republican;46.3
Oneida;Republican;3.6
Owyhee;Republican;1.5
Payette;Republican;55.6
Power;Republican;5.6
Shoshone;Republican;4.9
Teton;Republican;22.6
Twin Falls;Republican;40.2
Valley;Republican;2.7
Washington;Republican;7.0
Adams;Republican;78.5
Alexander;Democrat;35.0
Bond;Republican;46.7
Boone;Republican;193.0
Brown;Republican;22.7
Bureau;Republican;40.2
Calhoun;Democrat;20.0
Carroll;Republican;34.6
Cass;Republican;36.3
Champaign;Democrat;201.8
Christian;Republican;49.1
Clark;Republican;32.6
Clay;Republican;29.5
Clinton;Republican;79.7
Coles;Republican;106.0
Crawford;Republican;44.7
Cumberland;Republican;31.9
Cumberland;Republican;31.9
DeKalb;Democrat;166.6
DeWitt;Republican;41.7
Douglas;Republican;48.0
DuPage;Democrat;2799.8
Edgar;Republican;29.8
Edwards;Republican;30.2
Effingham;Republican;71.5
Fayette;Republican;30.9
Ford;Republican;29.0
Franklin;Republican;96.8
Fulton;Democrat;42.8
Gallatin;Democrat;17.3
Greene;Republican;25.6
Grundy;Republican;119.8
Hamilton;Republican;19.5
Hancock;Republican;24.1
Hardin;Republican;24.3
Henderson;Republican;19.3
Henry;Republican;61.3
Iroquois;Republican;26.6
Jackson;Democrat;103.1
Jasper;Republican;19.6
Jefferson;Republican;68.0
Jersey;Republican;62.2
JoDaviess;Republican;37.7
Johnson;Republican;36.6
Kane;Democrat;990.8
Kankakee;Republican;167.7
Kendall;Democrat;358.2
Knox;Democrat;73.9
Lake;Democrat;1585.6
LaSalle;Republican;100.4
Lawrence;Republican;45.2
Lee;Republican;49.7
Livingston;Republican;37.3
Logan;Republican;49.0
McDonough;Republican;55.3
McHenry;Republican;511.9
McLean;Republican;143.3
Macon;Republican;190.8
Macoupin;Democrat;55.4
Madison;Democrat;376.3
Marion;Republican;68.9
Marshall;Republican;32.7
Mason;Republican;27.2
Massac;Republican;65.0
Menard;Republican;40.4
Mercer;Republican;29.3
Monroe;Republican;85.6
Montgomery;Republican;42.8
Morgan;Republican;62.5
Moultrie;Republican;44.2
Ogle;Republican;70.5
Peoria;Democrat;301.2
Perry;Republican;50.6
Piatt;Republican;38.1
Pike;Republican;19.8
Pope;Republican;12.1
Pulaski;Republican;30.9
Putnam;Democrat;37.5
Randolph;Republican;58.2
Richland;Republican;45.1
Rock Island;Democrat;345.0
St. Clair;Democrat;410.6
Saline;Republican;65.6
Sangamon;Republican;227.4
Schuyler;Republican;17.3
Scott;Republican;21.3
Shelby;Republican;29.5
Stark;Republican;20.8
Stephenson;Republican;84.5
Tazewell;Republican;208.6
Union;Republican;43.1
Vermilion;Republican;90.9
Wabash;Republican;53.5
Warren;Republican;32.6
Washington;Republican;26.2
Wayne;Republican;23.5
White;Republican;29.6
Whiteside;Democrat;85.5
Will;Democrat;809.6
Williamson;Republican;157.9
Winnebago;Democrat;575.2
Woodford;Republican;73.3
Adams;Republican;101.4
Allen;Republican;540.6
Bartholomew;Republican;188.7
Benton;Republican;21.8
Blackford;Republican;77.3
Boone;Republican;133.9
Brown;Republican;48.9
Carroll;Republican;54.1
Cass;Republican;94.5
Clark;Republican;295.6
Clay;Republican;75.2
Clinton;Republican;82.0
Crawford;Republican;35.1
Daviess;Republican;73.7
Dearborn;Republican;164.1
Decatur;Republican;69.1
DeKalb;Republican;116.4
Delaware;Republican;300.1
Dubois;Republican;98.0
Elkhart;Republican;426.5
Fayette;Republican;112.9
Floyd;Republican;504.1
Fountain;Republican;43.6
Franklin;Republican;60.1
Fulton;Republican;56.6
Gibson;Republican;68.7
Grant;Republican;169.2
Greene;Republican;61.1
Hamilton;Republican;696.4
Hancock;Republican;228.8
Harrison;Republican;81.2
Hendricks;Republican;357.4
Henry;Republican;126.2
Howard;Republican;282.4
Huntington;Republican;97.0
Jackson;Republican;83.2
Jasper;Republican;59.8
Jay;Republican;55.4
Jefferson;Republican;89.9
Jennings;Republican;75.7
Johnson;Republican;435.8
Knox;Republican;74.5
Kosciusko;Republican;145.6
LaGrange;Republican;97.8
Lake;Democrat;994.1
LaPorte;Republican;186.3
Lawrence;Republican;102.7
Madison;Republican;291.3
Marion;Democrat;2279.6
Marshall;Republican;106.1
Martin;Republican;30.8
Miami;Republican;98.7
Monroe;Democrat;349.7
Montgomery;Republican;75.6
Morgan;Republican;170.5
Newton;Republican;35.5
Noble;Republican;115.7
Ohio;Republican;71.1
Orange;Republican;49.8
Owen;Republican;56.0
Parke;Republican;39.0
Perry;Republican;50.7
Pike;Republican;38.4
Porter;Republican;393.0
Posey;Republican;63.3
Pulaski;Republican;30.9
Putnam;Republican;79.0
Randolph;Republican;57.9
Ripley;Republican;64.6
Rush;Republican;42.6
St. Joseph;Republican;583.0
Scott;Republican;127.0
Shelby;Republican;108.1
Spencer;Republican;52.8
Starke;Republican;75.6
Steuben;Republican;110.7
Sullivan;Republican;48.0
Switzerland;Republican;48.1
Tippecanoe;Republican;345.7
Tipton;Republican;61.2
Union;Republican;46.6
Vanderburgh;Republican;769.7
Vermillion;Republican;63.1
Vigo;Republican;267.4
Wabash;Republican;79.7
Warren;Republican;23.3
Warrick;Republican;155.1
Washington;Republican;55.0
Wayne;Republican;171.5
Wells;Republican;75.1
White;Republican;48.8
Whitley;Republican;99.2
Adair;Democrat;13.5
Adams;Democrat;9.5
Allamakee;Democrat;22.4
Appanoose;Republican;25.9
Audubon;Democrat;13.8
Benton;Democrat;36.4
Black Hawk;Democrat;231.7
Boone;Democrat;46.0
Bremer;Democrat;55.7
Buchanan;Democrat;36.7
Buena Vista;Republican;35.2
Butler;Democrat;25.6
Calhoun;Democrat;17.0
Calhoun;Democrat;17.0
Carroll;Democrat;36.6
Cass;Democrat;24.7
Cedar;Democrat;31.9
Cerro Gordo;Democrat;77.7
Cherokee;Republican;20.9
Chickasaw;Democrat;24.7
Clarke;Democrat;21.5
Clay;Democrat;29.4
Clayton;Democrat;23.3
Clinton;Democrat;70.7
Crawford;Republican;23.9
Dallas;Republican;112.4
Davis;Republican;17.4
Decatur;Republican;15.9
Delaware;Democrat;30.7
Des Moines;Democrat;96.9
Dickinson;Democrat;43.8
Dubuque;Democrat;154.0
Emmet;Democrat;26.0
Fayette;Democrat;28.6
Floyd;Democrat;32.6
Franklin;Democrat;18.4
Fremont;Republican;14.6
Greene;Democrat;16.4
Grundy;Republican;24.8
Guthrie;Democrat;18.5
Hamilton;Democrat;27.2
Hancock;Republican;19.9
Hardin;Republican;30.8
Harrison;Republican;21.4
Henry;Republican;46.4
Howard;Democrat;20.2
Humboldt;Republican;22.6
Ida;Republican;16.4
Iowa;Democrat;27.9
Jackson;Democrat;31.2
Jasper;Democrat;50.4
Jefferson;Democrat;38.7
Johnson;Democrat;213.1
Jones;Democrat;35.9
Keokuk;Democrat;18.1
Kossuth;Democrat;16.0
Lee;Democrat;69.3
Linn;Democrat;294.6
Louisa;Republican;28.3
Lucas;Republican;20.7
Lyon;Republican;19.7
Madison;Republican;27.9
Mahaska;Republican;39.2
Marion;Republican;60.1
Marshall;Democrat;71.0
Mills;Republican;34.4
Mitchell;Democrat;23.0
Monona;Republican;13.3
Monroe;Republican;18.4
Montgomery;Democrat;25.3
Muscatine;Democrat;97.7
O'Brien;Republican;25.1
Osceola;Republican;16.2
Page;Republican;29.8
Palo Alto;Democrat;16.7
Plymouth;Republican;29.0
Pocahontas;Democrat;12.7
Polk;Democrat;750.5
Pottawattamie;Democrat;98.0
Poweshiek;Democrat;32.3
Ringgold;Democrat;9.6
Sac;Republican;18.0
Scott;Democrat;360.7
Shelby;Democrat;20.6
Sioux;Republican;43.9
Story;Democrat;156.3
Tama;Democrat;24.6
Taylor;Republican;11.9
Taylor;Democrat;11.9
Union;Democrat;29.6
Van Buren;Republican;15.6
Wapello;Democrat;82.5
Warren;Democrat;81.1
Washington;Republican;38.2
Wayne;Republican;12.2
Webster;Democrat;53.1
Winnebago;Democrat;27.1
Winneshiek;Democrat;30.5
Woodbury;Democrat;117.1
Worth;Democrat;19.0
Wright;Democrat;22.8
Adair;Republican;46.0
Allen;Republican;58.0
Anderson;Democrat;106.1
Ballard;Democrat;33.4
Barren;Democrat;86.5
Bath;Democrat;41.6
Bell;Republican;79.9
Boone;Democrat;482.3
Bourbon;Democrat;69.0
Boyd;Democrat;309.9
Boyle;Democrat;157.8
Bracken;Democrat;41.3
Breathitt;Democrat;28.2
Breckinridge;Democrat;35.4
Bullitt;Democrat;250.2
Butler;Republican;29.8
Caldwell;Democrat;37.7
Calloway;Democrat;96.6
Campbell;Democrat;597.0
Carlisle;Democrat;26.9
Carroll;Democrat;84.1
Carter;Democrat;67.7
Casey;Republican;35.9
Christian;Democrat;103.1
Clark;Democrat;141.1
Clay;Republican;46.3
Clinton;Republican;52.1
Crittenden;Democrat;25.9
Cumberland;Republican;22.5
Daviess;Democrat;210.9
Edmonson;Republican;40.2
Elliott;Democrat;33.5
Estill;Democrat;58.0
Fayette;Democrat;1042.8
Fleming;Democrat;41.2
Floyd;Democrat;100.3
Franklin;Democrat;237.2
Fulton;Democrat;33.2
Gallatin;Democrat;84.8
Garrard;Republican;73.5
Grant;Democrat;95.6
Graves;Democrat;67.3
Grayson;Republican;51.8
Green;Republican;39.4
Greenup;Democrat;107.2
Hancock;Democrat;45.6
Hardin;Democrat;169.3
Harlan;Democrat;62.9
Harrison;Democrat;61.5
Hart;Democrat;44.2
Henderson;Democrat;105.9
Henry;Democrat;53.9
Hickman;Democrat;20.2
Hopkins;Democrat;86.6
Jackson;Republican;39.1
Jefferson;Democrat;1948.1
Jessamine;Democrat;282.3
Johnson;Republican;89.2
Kenton;Democrat;996.7
Knott;Democrat;46.5
Knox;Republican;82.5
LaRue;Democrat;54.3
Laurel;Republican;135.6
Lawrence;Democrat;38.2
Lee;Republican;37.8
Leslie;Republican;28.2
Letcher;Democrat;72.6
Lewis;Republican;28.7
Lincoln;Democrat;74.1
Livingston;Democrat;30.4
Logan;Democrat;48.6
Lyon;Democrat;38.9
McCracken;Democrat;263.6
McCreary;Republican;42.9
McLean;Democrat;37.8
Madison;Democrat;189.6
Magoffin;Democrat;43.2
Marion;Democrat;57.8
Marshall;Democrat;104.4
Martin;Republican;56.3
Mason;Democrat;72.8
Meade;Democrat;93.6
Menifee;Democrat;31.0
Mercer;Democrat;85.7
Metcalfe;Democrat;34.9
Monroe;Republican;33.3
Montgomery;Democrat;134.3
Morgan;Democrat;36.5
Muhlenberg;Democrat;67.4
Nelson;Democrat;104.0
Nicholas;Democrat;36.6
Ohio;Democrat;40.6
Oldham;Democrat;322.2
Owen;Democrat;30.9
Owsley;Republican;24.1
Pendleton;Democrat;53.7
Perry;Democrat;84.5
Pike;Democrat;82.6
Powell;Democrat;70.5
Pulaski;Republican;95.8
Robertson;Democrat;22.8
Rockcastle;Republican;53.9
Rowan;Democrat;83.4
Russell;Republican;69.2
Scott;Democrat;167.4
Shelby;Democrat;110.8
Simpson;Democrat;74.0
Spencer;Democrat;91.4
Taylor;Democrat;92.0
Todd;Democrat;33.3
Trigg;Democrat;32.5
Trimble;Democrat;58.1
Union;Democrat;43.8
Warren;Democrat;210.1
Washington;Democrat;39.4
Wayne;Republican;45.4
Webster;Democrat;41.0
Whitley;Republican;81.4
Wolfe;Democrat;33.1
Woodford;Democrat;132.1
Acadia;Democrat;94.3
Allen;Democrat;33.8
Ascension;Democrat;369.7
Assumption;Democrat;69.2
Avoyelles;Democrat;50.5
Beauregard;Republican;30.8
Bienville;Democrat;17.7
Bossier;Republican;139.3
Caddo;Democrat;290.2
Calcasieu;Democrat;181.2
Caldwell;Republican;19.1
Cameron;Republican;5.3
Catahoula;Democrat;14.7
Claiborne;Democrat;22.8
Concordia;Democrat;29.9
DeSoto;Democrat;30.4
East Baton Rouge;Democrat;966.6
East Carroll;Democrat;18.4
East Feliciana;Democrat;44.7
Evangeline;Democrat;51.3
Franklin;Democrat;33.2
Grant;Republican;34.7
Iberia;Democrat;127.6
Iberville;Democrat;54.0
Jackson;Democrat;28.6
Jefferson;Democrat;1463.1
Jeff Davis;Democrat;48.5
Lafayette;Republican;824.6
Lafourche;Republican;90.2
LaSalle;Republican;23.8
Lincoln;Democrat;99.1
Livingston;Republican;197.5
Madison;Democrat;19.4
Morehouse;Democrat;35.2
Natchitoches;Democrat;31.6
Orleans;Democrat;2029.4
Ouachita;Democrat;251.8
Plaquemines;Republican;29.5
Pointe Coupee;Democrat;40.9
Rapides;Democrat;99.9
Red River;Democrat;23.4
Richland;Democrat;37.1
Sabine;Republican;28.0
St. Bernard;Democrat;95.1
St. Charles;Democrat;189.1
St. Helena;Democrat;27.4
St. James;Democrat;91.5
St. John the Baptist;Democrat;215.5
St. Landry;Democrat;90.3
St. Martin;Democrat;70.7
St. Mary;Democrat;98.4
St. Tammany;Republican;276.4
Tangipahoa;Democrat;153.0
Tensas;Democrat;8.7
Terrebonne;Republican;90.8
Union;Democrat;25.9
Vermilion;Republican;49.4
Vernon;Republican;39.4
Washington;Democrat;70.4
Webster;Democrat;69.5
West Baton Rouge;Democrat;123.6
West Carroll;Republican;32.3
West Feliciana;Democrat;38.8
Winn;Democrat;16.1
Allegany;Republican;177.0
Anne Arundel;Democrat;1295.9
Baltimore;Democrat;1345.5
Calvert;Republican;416.3
Caroline;Republican;103.5
Carroll;Republican;373.4
Cecil;Republican;292.0
Charles;Democrat;320.2
Dorchester;Republican;60.3
Frederick;Republican;353.5
Garrett;Republican;46.5
Harford;Republican;560.1
Howard;Democrat;1144.9
Kent;Democrat;72.9
Montgomery;Democrat;1978.2
Prince George's;Democrat;1788.8
Queen Anne's;Republican;128.5
St. Mary's;Republican;294.4
Somerset;Republican;82.8
Talbot;Republican;140.7
Washington;Republican;322.1
Wicomico;Republican;263.7
Worcester;Republican;109.9
Baltimore City;Democrat;7671.5
Alcona;Republican;16.2
Alger;Democrat;10.5
Allegan;Republican;135.0
Alpena;Republican;51.8
Antrim;Republican;49.6
Arenac;Republican;43.8
Baraga;Republican;9.9
Barry;Republican;107.0
Bay;Democrat;243.7
Benzie;Democrat;54.8
Berrien;Republican;276.2
Branch;Republican;89.4
Calhoun;Democrat;192.8
Cass;Republican;106.7
Charlevoix;Republican;62.3
Cheboygan;Republican;36.6
Chippewa;Republican;24.7
Clare;Republican;54.8
Clinton;Democrat;133.1
Crawford;Republican;25.3
Delta;Republican;31.7
Dickinson;Republican;34.4
Eaton;Democrat;187.3
Emmet;Democrat;69.9
Genesee;Democrat;668.5
Gladwin;Republican;51.2
Gogebic;Democrat;14.9
Grand Traverse;Democrat;187.3
Gratiot;Democrat;74.7
Hillsdale;Republican;78.1
Houghton;Democrat;36.3
Huron;Republican;39.6
Ingham;Democrat;505.1
Ionia;Democrat;111.9
Iosco;Republican;47.1
Iron;Republican;10.1
Isabella;Democrat;122.8
Jackson;Republican;228.4
Kalamazoo;Democrat;445.7
Kalkaska;Republican;30.6
Kent;Democrat;711.5
Keweenaw;Democrat;4.0
Lake;Republican;20.3
Lapeer;Republican;137.4
Leelanau;Democrat;62.5
Lenawee;Republican;133.3
Livingston;Republican;320.2
Luce;Republican;7.4
Mackinac;Republican;10.9
Macomb;Republican;1754.9
Manistee;Democrat;45.6
Marquette;Democrat;37.1
Mason;Republican;58.0
Mecosta;Republican;77.1
Menominee;Republican;23.0
Midland;Republican;162.0
Missaukee;Republican;26.3
Monroe;Republican;276.7
Montcalm;Republican;89.8
Montmorency;Republican;17.9
Muskegon;Democrat;344.9
Newaygo;Republican;59.6
Oakland;Democrat;1385.7
Oceana;Republican;51.9
Ogemaw;Republican;38.5
Ontonagon;Republican;5.2
Osceola;Republican;41.5
Oscoda;Republican;15.3
Otsego;Republican;46.9
Ottawa;Republican;468.2
Presque Isle;Republican;20.3
Roscommon;Republican;47.1
Saginaw;Democrat;250.2
St. Clair;Republican;226.1
St. Joseph;Republican;122.4
Sanilac;Republican;44.8
Schoolcraft;Republican;7.2
Shiawassee;Democrat;133.1
Tuscola;Republican;69.4
Van Buren;Democrat;125.5
Washtenaw;Democrat;488.4
Wayne;Democrat;2974.4
Wexford;Republican;57.9
Adams;Democrat;69.8
Alcorn;Republican;92.6
Amite;Democrat;18.0
Attala;Democrat;26.6
Benton;Democrat;21.5
Bolivar;Democrat;39.0
Calhoun;Republican;25.5
Carroll;Republican;16.9
Chickasaw;Democrat;34.7
Choctaw;Republican;20.4
Claiborne;Democrat;19.7
Clarke;Republican;24.2
Clay;Democrat;50.3
Coahoma;Democrat;47.3
Copiah;Democrat;37.9
Covington;Republican;47.3
DeSoto;Republican;338.7
Forrest;Republican;160.7
Franklin;Republican;14.4
George;Republican;47.2
Greene;Republican;20.2
Grenada;Republican;51.9
Hancock;Republican;92.7
Harrison;Republican;326.0
Hinds;Democrat;282.0
Holmes;Democrat;25.4
Humphreys;Democrat;22.4
Issaquena;Democrat;3.4
Itawamba;Republican;43.9
Jackson;Republican;193.2
Jasper;Democrat;25.2
Jefferson;Democrat;14.9
Jeff Davis;Democrat;30.6
Jones;Republican;97.5
Kemper;Democrat;13.6
Lafayette;Republican;75.0
Lamar;Republican;112.0
Lauderdale;Republican;114.1
Lawrence;Republican;30.0
Leake;Democrat;40.8
Lee;Republican;184.3
Leflore;Democrat;54.5
Lincoln;Republican;59.5
Lowndes;Democrat;118.3
Madison;Republican;133.2
Marion;Republican;49.9
Marshall;Democrat;52.6
Monroe;Republican;48.3
Montgomery;Democrat;26.8
Neshoba;Republican;52.1
Newton;Republican;37.6
Noxubee;Democrat;16.6
Oktibbeha;Democrat;104.0
Panola;Democrat;50.7
Pearl River;Republican;68.9
Perry;Republican;18.9
Pike;Democrat;98.8
Pontotoc;Republican;60.2
Prentiss;Republican;60.9
Quitman;Democrat;20.3
Rankin;Republican;182.6
Scott;Democrat;46.4
Sharkey;Democrat;11.4
Simpson;Republican;46.7
Smith;Republican;25.9
Stone;Republican;39.9
Sunflower;Democrat;42.2
Tallahatchie;Democrat;23.8
Tate;Republican;71.4
Tippah;Republican;48.6
Tishomingo;Republican;46.2
Tunica;Democrat;23.7
Union;Republican;65.3
Walthall;Republican;38.2
Warren;Democrat;82.9
Washington;Democrat;70.6
Wayne;Republican;25.6
Webster;Republican;24.4
Wilkinson;Democrat;14.6
Winston;Democrat;31.6
Yalobusha;Democrat;27.1
Yazoo;Democrat;30.4
Adair;Republican;45.1
Andrew;Republican;40.0
Atchison;Republican;10.4
Audrain;Republican;36.9
Barry;Republican;45.7
Barton;Republican;21.0
Bates;Republican;20.4
Benton;Republican;27.1
Bollinger;Republican;20.0
Boone;Democrat;237.3
Buchanan;Republican;218.6
Butler;Republican;61.6
Caldwell;Republican;22.1
Callaway;Republican;53.1
Camden;Republican;67.1
Cape Girardeau;Republican;130.8
Carroll;Republican;13.4
Carter;Republican;12.3
Cass;Republican;142.8
Cedar;Republican;29.5
Chariton;Republican;10.4
Christian;Republican;137.6
Clark;Republican;14.1
Clay;Republican;558.6
Clinton;Republican;49.5
Cole;Republican;193.0
Cooper;Republican;31.2
Crawford;Republican;33.3
Dade;Republican;16.1
Dallas;Republican;31.0
Daviess;Republican;15.0
DeKalb;Republican;30.6
Dent;Republican;20.8
Douglas;Republican;16.8
Dunklin;Republican;59.1
Franklin;Republican;110.0
Gasconade;Republican;29.4
Gentry;Republican;13.7
Greene;Republican;407.5
Grundy;Republican;23.6
Harrison;Republican;12.4
Henry;Republican;32.0
Hickory;Republican;24.1
Holt;Republican;10.6
Howard;Republican;21.9
Howell;Republican;43.6
Iron;Republican;19.3
Jackson;Democrat;1115.3
Jasper;Republican;183.9
Jefferson;Republican;333.1
Johnson;Republican;63.4
Knox;Republican;8.2
LaClede;Republican;46.5
Lafayette;Republican;53.1
Lawrence;Republican;63.2
Lewis;Republican;20.2
Lincoln;Republican;83.9
Linn;Republican;20.7
Livingston;Republican;28.5
McDonald;Republican;42.8
Macon;Republican;19.4
Madison;Republican;24.7
Maries;Republican;17.4
Marion;Republican;65.9
Mercer;Republican;8.3
Miller;Republican;41.8
Mississippi;Republican;34.9
Moniteau;Republican;37.6
Monroe;Republican;13.6
Montgomery;Republican;22.8
Morgan;Republican;34.4
New Madrid;Republican;28.1
Newton;Republican;93.0
Nodaway;Republican;26.6
Oregon;Republican;13.8
Osage;Republican;23.0
Ozark;Republican;13.1
Pemiscot;Republican;37.1
Perry;Republican;40.0
Pettis;Republican;61.9
Phelps;Republican;67.2
Pike;Republican;27.6
Platte;Republican;212.6
Polk;Republican;49.0
Pulaski;Republican;95.5
Putnam;Republican;9.6
Ralls;Republican;21.6
Randolph;Republican;52.7
Ray;Republican;41.3
Reynolds;Republican;8.3
Ripley;Republican;22.4
St. Charles;Republican;643.2
St. Clair;Republican;14.6
Ste. Genevieve;Republican;36.4
St. Francois;Republican;144.6
St. Louis County;Democrat;1967.2
Saline;Republican;30.9
Schuyler;Republican;14.4
Scotland;Republican;11.1
Scott;Republican;93.3
Shannon;Republican;8.4
Shelby;Republican;12.7
Stoddard;Republican;36.4
Stone;Republican;69.4
Sullivan;Republican;10.4
Taney;Republican;81.7
Texas;Republican;22.1
Vernon;Republican;25.6
Warren;Republican;75.9
Washington;Republican;33.2
Wayne;Republican;17.8
Webster;Republican;61.1
Worth;Republican;8.1
Wright;Republican;27.6
St. Louis City;Democrat;5157.5
Beaverhead;Republican;1.7
Big Horn;Republican;2.6
Blaine;Republican;1.5
Broadwater;Republican;4.7
Carbon;Republican;4.9
Carter;Republican;0.3
Cascade;Republican;30.1
Chouteau;Republican;1.5
Custer;Republican;3.1
Daniels;Republican;1.2
Dawson;Republican;3.8
Deer Lodge;Democrat;12.6
Fallon;Republican;1.8
Fergus;Republican;2.7
Flathead;Republican;17.9
Gallatin;Republican;34.4
Garfield;Republican;0.3
Glacier;Democrat;4.5
Golden Valley;Republican;0.8
Granite;Republican;1.8
Hill;Republican;5.6
Jefferson;Republican;6.9
Judith Basin;Republican;1.1
Lake;Republican;19.3
Lewis and Clark;Republican;18.3
Liberty;Republican;1.6
Lincoln;Republican;5.4
McCone;Republican;0.7
Madison;Republican;2.1
Meagher;Republican;0.8
Mineral;Republican;3.5
Missoula;Democrat;42.1
Musselshell;Republican;2.4
Park;Republican;5.6
Petroleum;Republican;0.3
Phillips;Republican;0.8
Pondera;Republican;3.8
Powder River;Republican;0.5
Powell;Republican;3.0
Prairie;Republican;0.7
Ravalli;Republican;16.8
Richland;Republican;4.7
Roosevelt;Republican;4.4
Rosebud;Republican;1.8
Sanders;Republican;4.1
Sheridan;Republican;2.0
Silver Bow;Democrat;47.6
Stillwater;Republican;5.1
Sweet Grass;Republican;2.0
Teton;Republican;2.7
Toole;Republican;2.8
Treasure;Republican;0.7
Valley;Republican;1.5
Wheatland;Republican;1.5
Wibaux;Republican;1.1
Yellowstone;Republican;56.2
Adams;Republican;55.7
Antelope;Republican;7.8
Arthur;Republican;0.6
Banner;Republican;0.9
Blaine;Republican;0.7
Boone;Republican;8.0
Box Butte;Republican;10.5
Boyd;Republican;3.9
Brown;Republican;2.6
Buffalo;Republican;47.6
Burt;Republican;14.0
Butler;Republican;14.4
Cass;Republican;45.3
Cedar;Republican;12.0
Chase;Republican;4.4
Cherry;Republican;1.0
Cheyenne;Republican;8.4
Clay;Republican;11.4
Colfax;Republican;25.5
Cuming;Republican;16.0
Custer;Republican;4.2
Dakota;Republican;79.5
Dawes;Republican;6.6
Dawson;Republican;24.0
Deuel;Republican;4.4
Dixon;Republican;12.6
Dodge;Republican;69.4
Douglas;Republican;1574.4
Dundy;Republican;2.2
Fillmore;Republican;10.2
Franklin;Republican;5.6
Frontier;Republican;2.8
Furnas;Republican;6.9
Gage;Republican;26.2
Garden;Republican;1.2
Garfield;Republican;3.6
Gosper;Republican;4.5
Grant;Republican;0.8
Greeley;Republican;4.5
Hall;Republican;107.3
Hamilton;Republican;16.8
Harlan;Republican;6.2
Hayes;Republican;1.4
Hitchcock;Republican;4.1
Holt;Republican;4.3
Hooker;Republican;1.0
Howard;Republican;11.0
Jefferson;Republican;13.2
Johnson;Republican;13.9
Kearney;Republican;12.6
Keith;Republican;7.9
Keya Paha;Republican;1.1
Kimball;Republican;4.0
Knox;Republican;7.9
Lancaster;Republican;340.8
Lincoln;Republican;14.2
Logan;Republican;1.3
Loup;Republican;1.1
McPherson;Republican;0.6
Madison;Republican;60.9
Merrick;Republican;16.2
Morrill;Republican;3.5
Nance;Republican;8.5
Nemaha;Republican;17.8
Nuckolls;Republican;7.8
Otoe;Republican;25.6
Pawnee;Republican;6.4
Perkins;Republican;3.4
Phelps;Republican;17.0
Pierce;Republican;12.7
Platte;Republican;47.8
Polk;Republican;12.3
Red Willow;Republican;15.4
Richardson;Republican;15.2
Rock;Republican;1.5
Saline;Republican;24.7
Sarpy;Republican;664.6
Saunders;Republican;27.7
Scotts Bluff;Republican;50.0
Seward;Republican;29.3
Sheridan;Republican;2.2
Sherman;Republican;5.6
Sioux;Republican;0.6
Stanton;Republican;14.3
Thayer;Republican;9.1
Thomas;Republican;0.9
Thurston;Republican;17.6
Valley;Republican;7.5
Washington;Republican;51.9
Wayne;Republican;21.7
Webster;Republican;6.6
Wheeler;Republican;1.4
York;Republican;23.9
Churchill;Republican;5.0
Clark;Republican;247.3
Douglas;Republican;66.2
Elko;Republican;2.8
Esmeralda;Republican;0.2
Eureka;Republican;0.5
Humboldt;Republican;1.7
Lander;Republican;1.1
Lincoln;Republican;0.5
Lyon;Republican;26.0
Mineral;Republican;1.3
Nye;Republican;2.4
Pershing;Republican;1.1
Storey;Republican;15.3
Washoe;Republican;66.9
White Pine;Republican;1.1
Carson City;Republican;382.1
Atlantic;Republican;494.1
Bergen;Democrat;3884.5
Burlington;Democrat;561.9
Camden;Democrat;2321.5
Cape May;Republican;386.9
Cumberland;Democrat;324.4
Essex;Democrat;6211.5
Gloucester;Democrat;895.3
Hudson;Democrat;13731.4
Hunterdon;Republican;300.0
Mercer;Democrat;1632.2
Middlesex;Democrat;2621.6
Monmouth;Republican;1344.7
Morris;Republican;1069.8
Ocean;Republican;917.0
Passaic;Democrat;2715.3
Salem;Republican;199.1
Somerset;Democrat;1071.7
Sussex;Republican;287.6
Union;Democrat;5216.1
Warren;Republican;304.5
Bernalillo;Democrat;570.8
Catron;Republican;0.5
Chaves;Republican;10.8
Cibola;Democrat;6.0
Colfax;Democrat;3.7
Curry;Republican;34.4
DeBaca;Republican;0.9
Dona Ana;Democrat;55.0
Eddy;Republican;12.9
Grant;Democrat;7.4
Guadalupe;Democrat;1.5
Harding;Republican;0.3
Hidalgo;Democrat;1.4
Lea;Republican;14.7
Lincoln;Republican;4.2
Los Alamos;Democrat;164.4
Luna;Republican;8.5
McKinley;Democrat;13.1
Mora;Democrat;2.5
Otero;Republican;9.6
Quay;Republican;3.1
Rio Arriba;Democrat;6.9
Roosevelt;Republican;8.1
Sandoval;Democrat;35.5
San Juan;Republican;23.6
San Miguel;Democrat;6.2
Santa Fe;Democrat;75.5
Sierra;Republican;2.9
Socorro;Democrat;2.7
Taos;Democrat;15.0
Torrance;Republican;4.9
Union;Republican;1.2
Valencia;Democrat;71.8
Albany;Democrat;581.9
Allegany;Republican;47.6
Bronx;Democrat;32903.6
Broome;Democrat;284.2
Cattaraugus;Republican;61.4
Cayuga;Republican;115.7
Chautauqua;Republican;127.2
Chemung;Republican;218.1
Chenango;Republican;56.5
Clinton;Democrat;79.1
Columbia;Democrat;99.4
Cortland;Democrat;98.9
Delaware;Republican;33.3
Dutchess;Republican;373.9
Erie;Democrat;881.4
Essex;Democrat;21.9
Franklin;Democrat;31.7
Fulton;Republican;112.1
Genesee;Republican;121.9
Greene;Republican;76.1
Hamilton;Republican;2.8
Herkimer;Republican;45.7
Jefferson;Republican;91.6
Brooklyn;Democrat;35369.1
Lewis;Republican;21.3
Livingston;Republican;103.5
Madison;Republican;112.2
Monroe;Democrat;1132.6
Montgomery;Republican;124.6
Nassau;Democrat;4704.8
Manhattan;Democrat;69467.5
Niagara;Republican;414.4
Oneida;Republican;193.7
Onondaga;Democrat;600.0
Ontario;Republican;167.6
Orange;Republican;459.3
Orleans;Republican;109.6
Oswego;Republican;128.3
Otsego;Democrat;62.2
Putnam;Republican;432.9
Queens;Democrat;20553.6
Rensselaer;Democrat;244.4
Staten Island;Republican;8030.3
Rockland;Democrat;1795.9
Saint Lawrence;Democrat;41.8
Saratoga;Republican;271.1
Schenectady;Democrat;756.6
Schoharie;Republican;52.7
Schuyler;Republican;55.9
Seneca;Republican;108.9
Steuben;Republican;71.2
Suffolk;Republican;1637.4
Sullivan;Democrat;80.1
Tioga;Republican;98.6
Tompkins;Democrat;214.0
Ulster;Democrat;162.3
Warren;Republican;75.8
Washington;Republican;76.1
Wayne;Republican;155.3
Westchester;Democrat;2204.7
Wyoming;Republican;71.1
Yates;Republican;75.0
Alamance;Democrat;356.5
Alexander;Republican;143.1
Alleghany;Republican;47.5
Anson;Democrat;50.7
Ashe;Republican;64.0
Avery;Republican;72.0
Beaufort;Republican;57.7
Bertie;Democrat;30.4
Bladen;Democrat;40.2
Brunswick;Republican;126.8
Buncombe;Democrat;362.9
Burke;Republican;179.3
Cabarrus;Republican;492.1
Caldwell;Republican;176.1
Camden;Republican;41.5
Carteret;Republican;131.3
Caswell;Democrat;55.8
Catawba;Republican;387.1
Chatham;Democrat;93.1
Cherokee;Republican;60.3
Chowan;Democrat;85.8
Clay;Republican;49.3
Cleveland;Democrat;211.3
Columbus;Democrat;62.0
Craven;Republican;146.0
Cumberland;Democrat;489.7
Currituck;Republican;89.9
Dare;Republican;88.5
Davidson;Republican;294.7
Davie;Republican;156.2
Duplin;Democrat;71.7
Durham;Democrat;935.7
Edgecombe;Democrat;111.9
Forsyth;Democrat;859.2
Franklin;Democrat;123.3
Gaston;Republican;578.8
Gates;Democrat;35.8
Graham;Republican;30.3
Granville;Democrat;112.7
Greene;Democrat;80.3
Guilford;Democrat;756.4
Halifax;Democrat;75.5
Harnett;Republican;192.7
Haywood;Democrat;106.6
Henderson;Republican;286.1
Hertford;Democrat;69.9
Hoke;Democrat;120.2
Hyde;Democrat;9.5
Iredell;Republican;277.8
Jackson;Democrat;82.1
Johnston;Republican;213.4
Jones;Democrat;21.6
Lee;Democrat;227.0
Lenoir;Democrat;148.5
Lincoln;Republican;262.7
McDowell;Republican;102.1
Macon;Republican;65.8
Madison;Democrat;46.2
Martin;Democrat;53.1
Mecklenburg;Democrat;1755.5
Mitchell;Republican;70.4
Montgomery;Republican;56.5
Moore;Republican;126.5
Nash;Democrat;177.3
New Hanover;Republican;1058.1
Northampton;Democrat;41.2
Onslow;Republican;233.1
Orange;Democrat;336.2
Pamlico;Republican;39.1
Pasquotank;Democrat;179.2
Pender;Republican;60.0
Perquimans;Republican;54.4
Person;Democrat;100.6
Pitt;Democrat;257.9
Polk;Republican;86.3
Randolph;Republican;181.1
Richmond;Democrat;98.4
Robeson;Democrat;141.3
Rockingham;Republican;165.6
Rowan;Republican;270.7
Rutherford;Republican;120.2
Sampson;Democrat;67.1
Scotland;Democrat;113.4
Stanly;Republican;153.3
Stokes;Republican;105.6
Surry;Republican;138.4
Swain;Democrat;26.5
Transylvania;Republican;87.4
Tyrrell;Democrat;11.3
Union;Republican;318.7
Vance;Democrat;179.2
Wake;Democrat;1078.8
Warren;Democrat;48.9
Washington;Democrat;38.0
Watauga;Democrat;163.4
Wayne;Democrat;221.7
Wilkes;Republican;91.9
Wilson;Democrat;220.6
Yadkin;Republican;114.7
Yancey;Democrat;57.0
Adams;Republican;48.9
Allen;Republican;264.2
Ashland;Republican;125.6
Ashtabula;Republican;144.6
Athens;Democrat;128.6
Auglaize;Republican;114.5
Belmont;Republican;132.3
Brown;Republican;91.5
Butler;Republican;788.2
Carroll;Republican;73.1
Champaign;Republican;93.5
Clark;Republican;348.0
Clermont;Republican;436.5
Clinton;Republican;102.9
Columbiana;Republican;202.7
Coshocton;Republican;65.4
Crawford;Republican;109.0
Cuyahoga;Democrat;2800.0
Darke;Republican;88.5
Defiance;Republican;94.9
Delaware;Republican;393.2
Erie;Republican;306.4
Fairfield;Republican;289.8
Fayette;Republican;71.4
Franklin;Republican;2186.1
Fulton;Republican;105.3
Gallia;Republican;66.3
Geauga;Republican;233.4
Greene;Republican;390.5
Guernsey;Republican;76.8
Hamilton;Republican;1976.7
Hancock;Republican;140.7
Hardin;Republican;68.1
Harrison;Republican;39.4
Henry;Republican;67.8
Highland;Republican;78.8
Hocking;Republican;69.7
Holmes;Republican;100.3
Huron;Republican;121.3
Jackson;Republican;79.0
Jefferson;Republican;170.7
Knox;Republican;115.9
Lake;Republican;1011.2
Lawrence;Republican;137.7
Licking;Republican;243.9
Logan;Republican;100.0
Lorain;Republican;613.6
Lucas;Democrat;1296.2
Madison;Republican;93.2
Mahoning;Democrat;580.2
Marion;Republican;164.7
Medina;Republican;409.0
Meigs;Republican;55.3
Mercer;Republican;88.3
Miami;Republican;252.1
Monroe;Democrat;32.1
Montgomery;Republican;1159.5
Morgan;Republican;36.2
Morrow;Republican;85.8
Muskingum;Republican;129.5
Noble;Republican;36.8
Ottawa;Republican;162.5
Paulding;Republican;47.1
Perry;Republican;88.4
Pickaway;Republican;111.1
Pike;Republican;65.2
Portage;Republican;331.2
Preble;Republican;99.7
Putnam;Republican;71.5
Richland;Republican;251.3
Ross;Republican;113.3
Sandusky;Republican;149.2
Scioto;Republican;130.3
Seneca;Republican;103.0
Shelby;Republican;121.2
Stark;Republican;652.9
Summit;Republican;1312.6
Trumbull;Democrat;340.1
Tuscarawas;Republican;163.1
Union;Republican;121.1
Van Wert;Republican;70.3
Vinton;Republican;32.6
Warren;Republican;530.0
Washington;Republican;97.8
Wayne;Republican;206.4
Williams;Republican;89.4
Wood;Republican;203.3
Wyandot;Republican;55.6
Adair;Democrat;39.6
Alfalfa;Republican;6.5
Atoka;Democrat;14.5
Beaver;Republican;3.1
Beckham;Republican;24.5
Blaine;Republican;12.9
Bryan;Democrat;46.9
Caddo;Democrat;23.2
Canadian;Republican;128.9
Carter;Democrat;57.8
Cherokee;Democrat;62.7
Choctaw;Democrat;19.7
Cimarron;Republican;1.3
Cleveland;Democrat;474.7
Coal;Democrat;11.5
Comanche;Democrat;116.1
Cotton;Democrat;9.8
Craig;Democrat;19.7
Creek;Republican;73.6
Custer;Republican;27.8
Delaware;Democrat;56.2
Dewey;Republican;4.8
Ellis;Republican;3.4
Garfield;Republican;57.2
Garvin;Democrat;34.4
Grady;Republican;47.6
Grant;Republican;4.5
Greer;Democrat;9.8
Harmon;Democrat;5.4
Harper;Republican;3.5
Haskell;Democrat;22.1
Hughes;Democrat;17.4
Jackson;Republican;32.9
Jefferson;Democrat;8.5
Johnston;Democrat;17.0
Kay;Republican;50.6
Kingfisher;Republican;16.7
Kiowa;Democrat;9.3
Latimer;Democrat;15.4
LeFlore;Democrat;31.7
Lincoln;Republican;36.0
Logan;Republican;56.3
Love;Democrat;18.3
McClain;Republican;60.5
McCurtain;Democrat;17.9
McIntosh;Democrat;32.7
Major;Republican;7.9
Marshall;Democrat;42.7
Mayes;Democrat;63.0
Murray;Democrat;32.4
Muskogee;Democrat;87.6
Noble;Republican;15.8
Nowata;Democrat;18.6
Okfuskee;Democrat;19.7
Oklahoma;Democrat;1013.8
Okmulgee;Democrat;57.5
Osage;Democrat;21.1
Ottawa;Democrat;67.6
Pawnee;Democrat;29.2
Payne;Democrat;113.0
Pittsburg;Democrat;35.1
Pontotoc;Democrat;52.0
Pottawatomie;Democrat;88.2
Pushmataha;Democrat;8.3
Roger Mills;Democrat;3.2
Rogers;Republican;128.6
Seminole;Democrat;40.3
Sequoyah;Democrat;63.0
Stephens;Republican;51.8
Texas;Republican;10.1
Tillman;Democrat;9.2
Tulsa;Republican;1058.1
Wagoner;Republican;130.1
Washington;Republican;122.7
Washita;Democrat;11.6
Woods;Republican;6.9
Woodward;Republican;16.2
Baker;Republican;5.3
Benton;Democrat;126.6
Clackamas;Democrat;201.0
Clatsop;Democrat;44.7
Columbia;Democrat;75.1
Coos;Republican;39.5
Crook;Republican;7.0
Curry;Republican;13.7
Deschutes;Republican;52.3
Douglas;Republican;21.4
Gilliam;Republican;1.6
Grant;Republican;1.6
Harney;Republican;0.7
Hood River;Democrat;42.8
Jackson;Republican;73.0
Jefferson;Republican;12.2
Josephine;Republican;50.4
Klamath;Republican;11.2
Lake;Republican;1.0
Lane;Democrat;77.2
Lincoln;Democrat;47.0
Linn;Republican;50.9
Malheur;Republican;3.2
Marion;Republican;266.7
Morrow;Republican;5.5
Multnomah;Democrat;1704.9
Polk;Republican;101.8
Sherman;Republican;2.1
Tillamook;Democrat;22.9
Umatilla;Republican;23.6
Union;Republican;12.6
Wallowa;Republican;2.2
Wasco;Democrat;10.6
Washington;Democrat;731.4
Wheeler;Republican;0.8
Yamhill;Republican;138.6
Adams;Republican;195.5
Allegheny;Democrat;1675.6
Armstrong;Republican;105.5
Beaver;Democrat;392.3
Bedford;Republican;49.2
Berks;Republican;480.4
Blair;Republican;241.7
Bradford;Republican;54.6
Bucks;Republican;1034.7
Butler;Republican;233.1
Cambria;Republican;208.7
Cameron;Republican;12.8
Carbon;Republican;171.1
Centre;Democrat;138.7
Chester;Republican;664.7
Clarion;Republican;66.6
Clearfield;Republican;71.3
Clinton;Republican;44.2
Columbia;Republican;139.3
Crawford;Republican;87.7
Cumberland;Republican;431.6
Dauphin;Republican;510.6
Delaware;Democrat;3040.5
Elk;Republican;38.6
Erie;Democrat;351.1
Fayette;Democrat;172.8
Forest;Republican;18.1
Franklin;Republican;193.7
Fulton;Republican;33.9
Greene;Republican;67.2
Huntingdon;Republican;52.5
Indiana;Republican;107.5
Jefferson;Republican;69.3
Juniata;Republican;63.0
Lackawanna;Democrat;467.1
Lancaster;Republican;550.4
Lawrence;Republican;254.4
Lebanon;Republican;369.1
Lehigh;Republican;1012.5
Luzerne;Republican;360.4
Lycoming;Republican;94.5
McKean;Republican;44.4
Mercer;Republican;173.4
Mifflin;Republican;113.6
Monroe;Republican;279.2
Montgomery;Democrat;1655.9
Montour;Republican;140.3
Northampton;Republican;805.4
Northumberland;Republican;206.2
Perry;Republican;83.4
Philadelphia;Democrat;11379.5
Pike;Republican;105.3
Potter;Republican;16.1
Schuylkill;Republican;190.4
Snyder;Republican;120.8
Somerset;Republican;72.4
Sullivan;Republican;14.3
Susquehanna;Republican;52.7
Tioga;Republican;37.0
Union;Republican;142.2
Venango;Republican;81.5
Warren;Republican;47.3
Washington;Republican;242.5
Wayne;Republican;72.8
Westmoreland;Republican;355.4
Wyoming;Republican;71.2
York;Republican;481.1
Abbeville;Democrat;51.8
Aiken;Republican;149.5
Allendale;Democrat;25.5
Anderson;Republican;261.6
Bamberg;Democrat;40.6
Barnwell;Democrat;41.2
Beaufort;Democrat;281.5
Berkeley;Democrat;161.8
Calhoun;Democrat;39.8
Charleston;Democrat;382.3
Cherokee;Republican;140.9
Chester;Democrat;57.1
Chesterfield;Democrat;58.5
Clarendon;Democrat;57.6
Colleton;Democrat;36.8
Darlington;Democrat;122.4
Dillon;Democrat;79.2
Dorchester;Republican;238.2
Edgefield;Democrat;53.9
Fairfield;Democrat;34.9
Florence;Democrat;171.1
Georgetown;Democrat;73.9
Greenville;Republican;574.7
Greenwood;Democrat;153.2
Hampton;Democrat;37.7
Horry;Republican;237.5
Jasper;Democrat;37.8
Kershaw;Democrat;84.9
Lancaster;Republican;139.6
Laurens;Republican;93.2
Lee;Democrat;46.9
Lexington;Republican;375.4
McCormick;Democrat;28.5
Marion;Democrat;67.6
Marlboro;Democrat;60.3
Newberry;Democrat;59.5
Oconee;Republican;118.6
Orangeburg;Democrat;83.6
Pickens;Republican;240.2
Richland;Democrat;507.9
Saluda;Republican;43.9
Spartanburg;Republican;351.9
Sumter;Democrat;161.6
Union;Democrat;56.3
Williamsburg;Democrat;36.8
York;Republican;332.2
Aurora;Democrat;3.8
Beadle;Democrat;13.8
Bennett;Republican;2.9
Bon Homme;Republican;12.5
Brookings;Democrat;40.3
Brown;Republican;21.3
Brule;Republican;6.4
Buffalo;Democrat;4.1
Butte;Republican;4.5
Campbell;Republican;2.0
Charles Mix;Republican;8.3
Clark;Republican;3.9
Clay;Democrat;33.6
Codington;Republican;39.5
Corson;Democrat;1.6
Custer;Republican;5.3
Davison;Republican;44.8
Day;Democrat;5.6
Deuel;Democrat;7.0
Dewey;Democrat;2.3
Douglas;Republican;7.0
Edmunds;Republican;3.6
Fall River;Republican;4.1
Faulk;Republican;2.4
Grant;Republican;10.8
Gregory;Republican;4.2
Haakon;Republican;1.1
Hamlin;Republican;11.6
Hand;Republican;2.4
Hanson;Republican;7.7
Harding;Republican;0.5
Hughes;Republican;23.0
Hutchinson;Republican;9.0
Hyde;Republican;1.7
Jackson;Republican;1.6
Jerauld;Democrat;3.9
Jones;Republican;1.0
Kingsbury;Republican;6.2
Lake;Republican;19.9
Lawrence;Republican;30.1
Lincoln;Republican;77.7
Lyman;Republican;2.3
McCook;Republican;9.8
McPherson;Republican;2.2
Marshall;Democrat;5.6
Meade;Republican;7.3
Mellette;Republican;1.6
Miner;Democrat;4.2
Minnehaha;Democrat;210.0
Moody;Democrat;12.5
Pennington;Republican;36.4
Perkins;Republican;1.0
Potter;Republican;2.7
Roberts;Democrat;9.2
Sanborn;Republican;4.1
Oglala Lakota;Democrat;6.5
Spink;Republican;4.3
Stanley;Republican;2.1
Sully;Republican;1.4
Todd;Democrat;6.9
Tripp;Republican;3.5
Turner;Republican;13.5
Union;Republican;31.3
Walworth;Republican;7.7
Yankton;Democrat;43.1
Ziebach;Democrat;1.4
Anderson;Republican;222.8
Bedford;Republican;95.1
Benton;Republican;41.8
Bledsoe;Republican;31.7
Blount;Republican;220.2
Bradley;Republican;301.0
Campbell;Republican;84.8
Cannon;Republican;52.0
Carroll;Republican;47.6
Carter;Republican;168.3
Cheatham;Republican;129.3
Chester;Republican;60.0
Claiborne;Republican;74.1
Clay;Republican;33.2
Cocke;Republican;82.1
Coffee;Republican;123.1
Crockett;Republican;54.9
Cumberland;Republican;82.3
Davidson;Democrat;1243.3
Decatur;Republican;35.2
DeKalb;Republican;61.5
Dickson;Republican;101.4
Dyer;Republican;74.8
Fayette;Republican;54.5
Fentress;Republican;36.0
Franklin;Republican;74.0
Gibson;Republican;82.4
Giles;Republican;48.3
Grainger;Republican;80.7
Greene;Republican;110.6
Grundy;Republican;38.0
Hamblen;Republican;388.0
Hamilton;Republican;620.3
Hancock;Republican;30.7
Hardeman;Democrat;40.8
Hardin;Republican;45.1
Hawkins;Republican;116.7
Haywood;Democrat;35.2
Henderson;Republican;53.4
Henry;Republican;57.5
Hickman;Republican;40.3
Houston;Republican;42.1
Humphreys;Republican;34.9
Jackson;Republican;37.7
Jefferson;Republican;187.6
Johnson;Republican;61.1
Knox;Republican;850.5
Lake;Republican;47.2
Lauderdale;Republican;58.9
Lawrence;Republican;67.8
Lewis;Republican;43.1
Lincoln;Republican;58.5
Loudon;Republican;211.8
McMinn;Republican;121.5
McNairy;Republican;46.3
Macon;Republican;72.4
Madison;Democrat;176.4
Marion;Republican;56.7
Marshall;Republican;81.5
Maury;Republican;132.0
Meigs;Republican;60.2
Monroe;Republican;70.0
Montgomery;Republican;319.6
Moore;Republican;49.2
Morgan;Republican;42.1
Obion;Republican;58.4
Overton;Republican;50.9
Perry;Republican;19.1
Pickett;Republican;31.2
Polk;Republican;38.7
Putnam;Republican;180.3
Rhea;Republican;100.9
Roane;Republican;150.2
Robertson;Republican;139.2
Rutherford;Republican;424.0
Scott;Republican;41.8
Sequatchie;Republican;53.1
Sevier;Republican;151.7
Shelby;Democrat;1215.5
Smith;Republican;61.0
Stewart;Republican;29.0
Sullivan;Republican;379.4
Sumner;Republican;303.4
Tipton;Republican;133.3
Trousdale;Republican;68.9
Unicoi;Republican;98.4
Union;Republican;85.5
Van Buren;Republican;20.3
Warren;Republican;92.1
Washington;Republican;376.7
Wayne;Republican;23.2
Weakley;Republican;60.3
White;Republican;68.6
Williamson;Republican;314.4
Wilson;Republican;199.7
Anderson;Republican;55.0
Andrews;Republican;9.9
Angelina;Republican;108.8
Aransas;Republican;91.9
Archer;Republican;10.0
Armstrong;Republican;2.1
Atascosa;Republican;36.8
Austin;Republican;44.0
Bailey;Republican;8.7
Bandera;Republican;25.9
Bastrop;Republican;83.5
Baylor;Republican;4.3
Bee;Republican;36.2
Bell;Republican;295.2
Bexar;Democrat;1383.1
Blanco;Republican;14.8
Borden;Republican;0.7
Bosque;Republican;18.5
Bowie;Republican;104.6
Brazoria;Republican;230.7
Brazos;Republican;332.8
Brewster;Democrat;1.5
Briscoe;Republican;1.8
Brooks;Democrat;7.7
Brown;Republican;40.3
Burleson;Republican;26.1
Burnet;Republican;43.0
Caldwell;Republican;69.8
Calhoun;Republican;42.2
Callahan;Republican;15.1
Cameron;Democrat;456.0
Camp;Republican;63.3
Carson;Republican;6.7
Cass;Republican;32.5
Castro;Republican;9.0
Chambers;Republican;58.8
Cherokee;Republican;48.3
Childress;Republican;10.1
Clay;Republican;9.9
Cochran;Republican;4.0
Coke;Republican;3.6
Coleman;Republican;7.0
Collin;Republican;930.0
Collingsworth;Republican;3.3
Colorado;Republican;21.7
Comal;Republican;193.9
Comanche;Republican;14.9
Concho;Republican;4.2
Cooke;Republican;43.9
Coryell;Republican;71.7
Cottle;Republican;1.7
Crane;Republican;5.6
Crockett;Democrat;1.3
Crosby;Republican;6.7
Culberson;Democrat;0.6
Dallam;Republican;4.5
Dallas;Democrat;2718.0
Dawson;Republican;15.4
Deaf Smith;Republican;12.9
Delta;Republican;20.4
Denton;Republican;754.3
De Witt;Republican;22.1
Dickens;Republican;2.7
Dimmit;Democrat;7.5
Donley;Republican;4.0
Duval;Democrat;6.6
Eastland;Republican;20.1
Ector;Republican;152.8
Edwards;Republican;0.9
Ellis;Republican;159.9
El Paso;Democrat;790.6
Erath;Republican;35.0
Falls;Republican;23.3
Fannin;Republican;38.1
Fayette;Republican;25.8
Fisher;Republican;4.4
Floyd;Republican;6.5
Foard;Democrat;1.9
Fort Bend;Republican;679.5
Franklin;Republican;37.3
Freestone;Republican;22.6
Frio;Democrat;15.2
Gaines;Republican;11.7
Galveston;Republican;769.9
Garza;Republican;7.2
Gillespie;Republican;23.5
Glasscock;Republican;1.4
Goliad;Republican;8.5
Gonzales;Republican;18.6
Gray;Republican;24.3
Grayson;Republican;129.6
Gregg;Republican;445.4
Grimes;Republican;33.8
Guadalupe;Republican;184.9
Hale;Republican;36.1
Hall;Republican;3.8
Hamilton;Republican;10.2
Hansford;Republican;6.1
Hardeman;Republican;6.0
Hardin;Republican;61.3
Harris;Democrat;2402.4
Harrison;Republican;72.9
Hartley;Republican;4.1
Haskell;Republican;6.5
Hays;Republican;231.7
Hemphill;Republican;4.2
Henderson;Republican;89.9
Hidalgo;Democrat;493.2
Hill;Republican;36.6
Hockley;Republican;25.2
Hood;Republican;121.7
Hopkins;Republican;45.8
Houston;Republican;19.3
Howard;Republican;38.9
Hudspeth;Democrat;0.8
Hunt;Republican;102.5
Hutchinson;Republican;25.0
Irion;Republican;1.5
Jack;Republican;9.9
Jackson;Republican;17.0
Jasper;Republican;38.0
Jeff Davis;Republican;1.0
Jefferson;Democrat;287.9
Jim Hogg;Democrat;4.7
Jim Wells;Democrat;47.2
Johnson;Republican;208.3
Jones;Republican;21.8
Karnes;Democrat;19.8
Kaufman;Republican;132.4
Kendall;Republican;50.4
Kenedy;Democrat;0.3
Kent;Republican;0.9
Kerr;Republican;45.0
Kimble;Republican;3.7
King;Republican;0.3
Kinney;Democrat;2.6
Kleberg;Democrat;36.4
Knox;Republican;4.4
Lamar;Republican;54.9
Lamb;Republican;13.8
Lampasas;Republican;27.6
La Salle;Democrat;4.6
La Vaca;Republican;19.9
Lee;Republican;26.4
Leon;Republican;15.7
Liberty;Republican;65.3
Limestone;Republican;25.8
Lipscomb;Republican;3.5
Live Oak;Republican;11.1
Llano;Republican;20.7
Loving;Republican;0.1
Lubbock;Republican;311.3
Lynn;Republican;6.6
McCulloch;Republican;7.8
McLennan;Republican;226.5
McMullen;Republican;0.6
Madison;Republican;29.3
Marion;Republican;27.7
Martin;Republican;5.2
Mason;Republican;4.3
Matagorda;Republican;33.4
Maverick;Democrat;42.4
Medina;Republican;34.7
Menard;Republican;2.5
Midland;Republican;152.0
Milam;Republican;24.3
Mills;Republican;6.6
Mitchell;Republican;10.3
Montague;Republican;21.2
Montgomery;Republican;437.5
Moore;Republican;24.3
Morris;Republican;51.3
Motley;Republican;1.2
Nacogdoches;Republican;68.2
Navarro;Republican;47.3
Newton;Republican;15.5
Nolan;Republican;16.7
Nueces;Democrat;405.8
Ochiltree;Republican;11.1
Oldham;Republican;1.4
Orange;Republican;245.3
Palo Pinto;Republican;29.5
Panola;Republican;29.7
Parker;Republican;129.4
Parmer;Republican;11.7
Pecos;Democrat;3.3
Polk;Republican;43.0
Potter;Republican;133.3
Presidio;Democrat;2.0
Rains;Republican;47.6
Randall;Republican;132.4
Reagan;Republican;2.9
Real;Republican;4.7
Red River;Republican;12.4
Reeves;Democrat;5.2
Refugio;Democrat;9.6
Roberts;Republican;1.0
Robertson;Republican;19.4
Rockwall;Republican;616.7
Runnels;Republican;10.0
Rusk;Republican;57.7
Sabine;Republican;22.0
San Augustine;Republican;16.7
San Jacinto;Republican;46.3
San Patricio;Republican;93.5
San Saba;Republican;5.4
Schleicher;Republican;2.6
Scurry;Republican;18.7
Shackelford;Republican;3.7
Shelby;Republican;32.0
Sherman;Republican;3.3
Smith;Republican;227.6
Somervell;Republican;45.5
Starr;Democrat;49.8
Stephens;Republican;10.7
Sterling;Republican;1.2
Stonewall;Republican;1.6
Sutton;Republican;2.8
Swisher;Republican;8.8
Tarrant;Republican;2094.7
Taylor;Republican;143.6
Terrell;Democrat;0.4
Terry;Republican;14.2
Throckmorton;Republican;1.8
Titus;Republican;79.6
Tom Green;Republican;72.4
Travis;Democrat;1034.4
Trinity;Republican;21.0
Tyler;Republican;23.5
Upshur;Republican;67.4
Upton;Republican;2.7
Uvalde;Democrat;17.0
Val Verde;Democrat;15.5
Van Zandt;Republican;62.4
Victoria;Republican;98.4
Walker;Republican;86.5
Waller;Republican;84.1
Ward;Republican;12.8
Washington;Republican;55.8
Webb;Democrat;74.5
Wharton;Republican;38.0
Wheeler;Republican;5.9
Wichita;Republican;209.5
Wilbarger;Republican;13.9
Willacy;Democrat;37.5
Williamson;Republican;378.0
Wilson;Republican;53.4
Winkler;Republican;8.5
Wise;Republican;65.4
Wood;Republican;65.0
Yoakum;Republican;9.9
Young;Republican;20.3
Zapata;Democrat;14.0
Zavala;Democrat;9.0
Beaver;Republican;2.6
Box Elder;Republican;8.7
Cache;Republican;96.7
Carbon;Republican;14.5
Daggett;Republican;1.5
Davis;Republican;1025.8
Duchesne;Republican;5.7
Emery;Republican;2.5
Garfield;Republican;1.0
Grand;Democrat;2.5
Iron;Republican;14.0
Juab;Republican;3.0
Kane;Republican;1.8
Millard;Republican;1.9
Morgan;Republican;15.5
Piute;Republican;2.1
Rich;Republican;2.2
Salt Lake;Democrat;1387.1
San Juan;Republican;1.9
Sanpete;Republican;17.5
Sevier;Republican;10.9
Summit;Democrat;19.4
Tooele;Republican;8.4
Uintah;Republican;7.3
Utah;Republican;257.8
Wasatch;Republican;20.0
Washington;Republican;56.9
Wayne;Republican;1.1
Weber;Republican;401.4
Accomack;Republican;73.8
Albemarle;Democrat;137.3
Alleghany;Republican;36.5
Amelia;Republican;35.7
Amherst;Republican;68.3
Appomattox;Republican;44.9
Arlington;Democrat;7993.6
Augusta;Republican;76.3
Bath;Republican;8.9
Bedford;Republican;91.2
Bland;Republican;19.1
Botetourt;Republican;61.2
Brunswick;Democrat;30.8
Buchanan;Republican;47.9
Buckingham;Republican;29.6
Campbell;Republican;108.8
Caroline;Democrat;54.1
Carroll;Republican;63.3
Charles City;Democrat;39.7
Charlotte;Republican;26.5
Chesterfield;Democrat;747.1
Clarke;Republican;79.7
Craig;Republican;15.7
Culpeper;Republican;123.1
Cumberland;Republican;33.8
Dickenson;Republican;48.1
Dinwiddie;Democrat;55.6
Essex;Democrat;43.4
Fairfax;Democrat;2766.8
Fauquier;Republican;100.7
Floyd;Republican;40.2
Fluvanna;Democrat;89.8
Franklin;Republican;81.3
Frederick;Republican;189.4
Giles;Republican;48.6
Gloucester;Republican;169.2
Goochland;Republican;77.2
Grayson;Republican;35.1
Greene;Republican;117.8
Greensville;Democrat;41.5
Halifax;Republican;44.3
Hanover;Republican;213.1
Henrico;Democrat;1313.4
Henry;Republican;141.6
Highland;Republican;5.6
Isle of Wight;Republican;111.8
James City;Republican;470.4
King and Queen;Democrat;22.0
King George;Republican;131.3
King William;Republican;58.2
Lancaster;Republican;85.5
Lee;Republican;58.8
Loudoun;Democrat;605.8
Louisa;Republican;66.8
Lunenburg;Democrat;29.9
Madison;Republican;41.5
Mathews;Republican;104.5
Mecklenburg;Democrat;52.3
Middlesex;Republican;84.1
Montgomery;Democrat;243.9
Nelson;Democrat;31.9
New Kent;Republican;87.9
Northampton;Democrat;58.5
Northumberland;Republican;64.5
Nottoway;Democrat;50.4
Orange;Republican;98.2
Page;Republican;77.3
Patrick;Republican;38.3
Pittsylvania;Republican;65.5
Powhatan;Republican;107.8
Prince Edward;Democrat;66.8
Prince George;Democrat;134.7
Prince William;Democrat;1195.0
Pulaski;Republican;109.0
Rappahannock;Republican;27.7
Richmond;Democrat;48.3
Roanoke;Republican;368.7
Rockbridge;Republican;37.3
Rockingham;Republican;89.9
Russell;Republican;61.0
Scott;Republican;43.3
Shenandoah;Republican;82.5
Smyth;Republican;71.4
Southampton;Democrat;31.0
Spotsylvania;Republican;304.9
Stafford;Republican;479.5
Surry;Democrat;25.3
Sussex;Democrat;24.7
Tazewell;Republican;86.9
Warren;Republican;176.0
Washington;Republican;97.8
Westmoreland;Republican;76.1
Wise;Republican;102.8
Wythe;Republican;63.3
York;Republican;624.8
Alexandria;Democrat;9314.3
Bristol;Republican;1370.6
Buena Vista;Republican;991.9
Charlottesville;Democrat;4246.4
Chesapeake;Democrat;652.0
Colonial Heights;Republican;2315.3
Covington;Democrat;1090.2
Danville;Democrat;1002.8
Emporia;Democrat;859.7
Fairfax City;Democrat;3616.8
Falls Church;Democrat;6169.1
Franklin City;Democrat;1045.8
Fredericksburg;Democrat;2326.2
Galax;Republican;854.6
Hampton;Democrat;2673.2
Harrisonburg;Democrat;2808.2
Hopewell;Democrat;2198.0
Lexington;Democrat;2820.2
Lynchburg;Republican;1538.2
Manassas;Democrat;3827.6
Manassas Park;Democrat;5632.6
Martinsville;Democrat;1261.5
Newport News;Democrat;2630.0
Norfolk;Democrat;4486.4
Norton;Republican;529.1
Petersburg;Democrat;1413.7
Poquoson;Republican;793.2
Portsmouth;Democrat;2838.8
Radford;Democrat;1662.1
Richmond City;Democrat;3414.7
Roanoke City;Democrat;2279.8
Salem;Republican;1717.9
Staunton;Democrat;1188.8
Suffolk;Democrat;211.4
Virginia Beach;Democrat;1758.9
Waynesboro;Republican;1396.8
Williamsburg;Democrat;1559.3
Winchester;Democrat;2838.0
Adams;Republican;9.7
Asotin;Republican;34.0
Benton;Republican;103.0
Chelan;Republican;24.8
Clallam;Republican;41.1
Clark;Republican;676.2
Columbia;Republican;4.7
Cowlitz;Republican;89.8
Douglas;Republican;21.1
Ferry;Republican;3.4
Franklin;Republican;62.9
Garfield;Republican;3.2
Grant;Republican;33.3
Grays Harbor;Republican;38.3
Island;Republican;376.6
Jefferson;Republican;16.6
King;Republican;912.9
Kitsap;Republican;635.9
Kittitas;Republican;17.8
Klickitat;Republican;10.9
Lewis;Republican;31.4
Lincoln;Republican;4.6
Mason;Republican;63.3
Okanogan;Republican;7.8
Pacific;Republican;22.4
Pend Oreille;Republican;9.3
Pierce;Republican;476.3
San Juan;Republican;90.7
Skagit;Republican;67.5
Skamania;Republican;6.7
Snohomish;Republican;341.8
Spokane;Republican;267.2
Stevens;Republican;17.6
Thurston;Republican;349.4
Wahkiakum;Republican;15.1
Walla Walla;Republican;46.3
Whatcom;Republican;95.5
Whitman;Republican;20.7
Yakima;Republican;56.6
Barbour;Republican;48.6
Berkeley;Republican;324.4
Boone;Democrat;49.1
Braxton;Democrat;28.4
Brooke;Democrat;269.8
Cabell;Republican;342.8
Calhoun;Democrat;27.3
Clay;Democrat;27.5
Doddridge;Republican;25.7
Fayette;Democrat;69.6
Gilmer;Democrat;25.7
Grant;Republican;25.0
Greenbrier;Republican;34.8
Hampshire;Republican;37.4
Hancock;Republican;371.3
Hardy;Republican;24.1
Harrison;Republican;166.1
Jackson;Republican;62.9
Jefferson;Republican;255.2
Kanawha;Republican;214.1
Lewis;Republican;42.5
Lincoln;Democrat;49.7
Logan;Democrat;81.0
McDowell;Democrat;41.5
Marion;Democrat;182.7
Marshall;Republican;108.4
Mason;Republican;63.4
Mercer;Republican;148.6
Mineral;Republican;86.1
Mingo;Democrat;63.4
Monongalia;Democrat;267.1
Monroe;Republican;28.6
Morgan;Republican;76.6
Nicholas;Republican;40.6
Ohio;Republican;420.0
Pendleton;Republican;11.1
Pleasants;Republican;58.5
Pocahontas;Republican;9.3
Preston;Republican;51.7
Putnam;Republican;160.5
Raleigh;Republican;130.3
Randolph;Democrat;28.3
Ritchie;Republican;23.1
Roane;Republican;30.9
Summers;Democrat;38.6
Taylor;Republican;97.8
Tucker;Republican;17.0
Tyler;Republican;35.9
Upshur;Republican;68.4
Wayne;Democrat;84.0
Webster;Democrat;16.5
Wetzel;Democrat;46.3
Wirt;Republican;24.6
Wood;Republican;237.4
Wyoming;Republican;47.6
Adams;Republican;32.3
Ashland;Democrat;15.5
Barron;Republican;53.2
Bayfield;Democrat;10.2
Brown;Republican;468.2
Buffalo;Republican;20.2
Burnett;Republican;18.8
Calumet;Republican;153.9
Chippewa;Republican;61.9
Clark;Republican;28.7
Columbia;Democrat;74.2
Crawford;Democrat;29.2
Dane;Democrat;407.7
Dodge;Republican;101.4
Door;Democrat;57.6
Douglas;Democrat;33.9
Dunn;Democrat;51.6
Eau Claire;Democrat;154.8
Florence;Republican;9.1
Fond du Lac;Republican;141.2
Forest;Republican;9.2
Grant;Democrat;44.7
Green;Democrat;63.1
Green Lake;Republican;54.5
Iowa;Democrat;31.1
Iron;Republican;7.8
Jackson;Democrat;20.7
Jefferson;Republican;150.4
Juneau;Republican;34.8
Kenosha;Democrat;611.9
Kewaunee;Republican;60.1
La Crosse;Democrat;253.8
Lafayette;Democrat;26.6
Langlade;Republican;22.9
Lincoln;Republican;32.7
Manitowoc;Republican;138.3
Marathon;Republican;86.8
Marinette;Republican;29.8
Marquette;Republican;33.8
Menominee;Democrat;11.8
Milwaukee;Democrat;3926.0
Monroe;Republican;49.6
Oconto;Republican;37.7
Oneida;Republican;32.3
Outagamie;Republican;277.2
Ozaukee;Republican;370.7
Pepin;Republican;32.2
Pierce;Democrat;71.5
Polk;Republican;48.4
Portage;Democrat;87.4
Price;Republican;11.3
Racine;Republican;587.7
Richland;Democrat;30.7
Rock;Democrat;223.3
Rusk;Republican;16.2
St. Croix;Republican;116.8
Sauk;Democrat;74.6
Sawyer;Republican;13.2
Shawano;Republican;47.0
Sheboygan;Republican;225.9
Taylor;Republican;21.2
Trempealeau;Democrat;39.3
Vernon;Democrat;37.6
Vilas;Republican;25.0
Walworth;Republican;184.2
Washburn;Republican;20.0
Washington;Republican;306.2
Waukesha;Republican;709.4
Waupaca;Republican;70.1
Waushara;Republican;39.1
Winnebago;Democrat;384.3
Wood;Republican;94.2
Albany;Democrat;8.5
Big Horn;Democrat;3.7
Big Horn;Democrat;3.7
Campbell;Democrat;9.6
Carbon;Democrat;2.0
Converse;Democrat;3.3
Crook;Democrat;2.5
Crook;Democrat;2.5
Fremont;Democrat;4.4
Fremont;Democrat;4.4
Goshen;Democrat;6.0
Hot Springs;Democrat;2.4
Hot Springs;Democrat;2.4
Johnson;Democrat;2.1
Johnson;Democrat;2.1
Laramie;Democrat;34.2
Lincoln;Democrat;4.4
Lincoln;Democrat;4.4
Natrona;Democrat;14.1
Niobrara;Democrat;0.9
Park;Democrat;4.1
Platte;Democrat;4.2
Sheridan;Democrat;11.5
Sheridan;Democrat;11.5
Sublette;Democrat;2.1
Sweetwater;Democrat;4.2
Teton;Democrat;5.3
Uinta;Democrat;10.1
Washakie;Democrat;3.8
Weston;Democrat;3.0
Weston;Democrat;3.0